Workbook

Sheet Activity_Data
A1: Activity_ID | B1: Activity | C1: Scope | D1: Scope 3 Category | E1: Quantity | F1: Unit | G1: EF_ID
A2: A001 | B2: Diesel | C2: 1 | D2: — | E2: 18000 | F2: litres | G2: EF001
A3: A002 | B3: Petrol | C3: 1 | D3: — | E3: 6000 | F3: litres | G3: EF002
A4: A003 | B4: Refrigerant leakage | C4: 1 | D4: — | E4: 20 | F4: kg | G4: EF004
A5: A004 | B5: Grid electricity | C5: 2 | D5: — | E5: 240000 | F5: kWh | G5: EF003
A6: A005 | B6: Employee commuting | C6: 3 | D6: Category 7 | E6: 80000 | F6: km | G6: EF005
A7: A006 | B7: Purchased raw materials | C7: 3 | D7: Category 1 | E7: 120000 | F7: kg | G7: EF006
A8: A007 | B8: Waste treatment | C8: 3 | D8: Category 5 | E8: 15000 | F8: kg | G8: EF007

Sheet Emission_Factors
A1: EF_ID | B1: Activity | C1: Emission Factor | D1: Unit | E1: Source
A2: EF001 | B2: Diesel | C2: 2.68 | D2: kg CO₂/L | E2: MAESA Foundation training exercise
A3: EF002 | B3: Petrol | C3: 2.31 | D3: kg CO₂/L | E3: MAESA Foundation training exercise
A4: EF003 | B4: Grid electricity | C4: 0.716 | D4: kg CO₂/kWh | E4: MAESA Foundation training exercise
A5: EF004 | B5: Refrigerant leakage | C5: 1430 | D5: kg CO₂e/kg | E5: MAESA Foundation training exercise
A6: EF005 | B6: Employee commuting | C6: 0.18 | D6: kg CO₂e/km | E6: MAESA Foundation training exercise
A7: EF006 | B7: Purchased raw materials | C7: 0.5 | D7: kg CO₂e/kg | E7: MAESA Foundation training exercise
A8: EF007 | B8: Waste treatment | C8: 0.3 | D8: kg CO₂e/kg | E8: MAESA Foundation training exercise

Sheet GHG_Calculations
A1: Activity_ID | B1: Activity | C1: Scope | D1: Scope 3 Category | E1: Quantity | F1: Unit | G1: EF_ID | H1: Emission Factor | I1: EF Unit | J1: kgCO₂e | K1: tCO₂e | L1: % of Total
A2: A001 | B2: =_xlfn.XLOOKUP(A2,Activity_Data!$A$2:$A$8,Activity_Data!$B$2:$B$8) -> Diesel | C2: =_xlfn.XLOOKUP(A2,Activity_Data!$A$2:$A$8,Activity_Data!$C$2:$C$8) -> 1 | D2: =_xlfn.XLOOKUP(A2,Activity_Data!$A$2:$A$8,Activity_Data!$D$2:$D$8) -> — | E2: =_xlfn.XLOOKUP(A2,Activity_Data!$A$2:$A$8,Activity_Data!$E$2:$E$8) -> 18000 | F2: =_xlfn.XLOOKUP(A2,Activity_Data!$A$2:$A$8,Activity_Data!$F$2:$F$8) -> litres | G2: =_xlfn.XLOOKUP(A2,Activity_Data!$A$2:$A$8,Activity_Data!$G$2:$G$8) -> EF001 | H2: =_xlfn.XLOOKUP(G2,Emission_Factors!$A$2:$A$8,Emission_Factors!$C$2:$C$8) -> 2.68 | I2: =_xlfn.XLOOKUP(G2,Emission_Factors!$A$2:$A$8,Emission_Factors!$D$2:$D$8) -> kg CO₂/L | J2: =E2*H2 -> 48240 | K2: =J2/1000 -> 48.24 | L2: =K2/SUM($K$2:$K$8) -> 0.14128397
A3: A002 | B3: =_xlfn.XLOOKUP(A3,Activity_Data!$A$2:$A$8,Activity_Data!$B$2:$B$8) -> Petrol | C3: =_xlfn.XLOOKUP(A3,Activity_Data!$A$2:$A$8,Activity_Data!$C$2:$C$8) -> 1 | D3: =_xlfn.XLOOKUP(A3,Activity_Data!$A$2:$A$8,Activity_Data!$D$2:$D$8) -> — | E3: =_xlfn.XLOOKUP(A3,Activity_Data!$A$2:$A$8,Activity_Data!$E$2:$E$8) -> 6000 | F3: =_xlfn.XLOOKUP(A3,Activity_Data!$A$2:$A$8,Activity_Data!$F$2:$F$8) -> litres | G3: =_xlfn.XLOOKUP(A3,Activity_Data!$A$2:$A$8,Activity_Data!$G$2:$G$8) -> EF002 | H3: =_xlfn.XLOOKUP(G3,Emission_Factors!$A$2:$A$8,Emission_Factors!$C$2:$C$8) -> 2.31 | I3: =_xlfn.XLOOKUP(G3,Emission_Factors!$A$2:$A$8,Emission_Factors!$D$2:$D$8) -> kg CO₂/L | J3: =E3*H3 -> 13860 | K3: =J3/1000 -> 13.86 | L3: =K3/SUM($K$2:$K$8) -> 0.040592784
A4: A003 | B4: =_xlfn.XLOOKUP(A4,Activity_Data!$A$2:$A$8,Activity_Data!$B$2:$B$8) -> Refrigerant leakage | C4: =_xlfn.XLOOKUP(A4,Activity_Data!$A$2:$A$8,Activity_Data!$C$2:$C$8) -> 1 | D4: =_xlfn.XLOOKUP(A4,Activity_Data!$A$2:$A$8,Activity_Data!$D$2:$D$8) -> — | E4: =_xlfn.XLOOKUP(A4,Activity_Data!$A$2:$A$8,Activity_Data!$E$2:$E$8) -> 20 | F4: =_xlfn.XLOOKUP(A4,Activity_Data!$A$2:$A$8,Activity_Data!$F$2:$F$8) -> kg | G4: =_xlfn.XLOOKUP(A4,Activity_Data!$A$2:$A$8,Activity_Data!$G$2:$G$8) -> EF004 | H4: =_xlfn.XLOOKUP(G4,Emission_Factors!$A$2:$A$8,Emission_Factors!$C$2:$C$8) -> 1430 | I4: =_xlfn.XLOOKUP(G4,Emission_Factors!$A$2:$A$8,Emission_Factors!$D$2:$D$8) -> kg CO₂e/kg | J4: =E4*H4 -> 28600 | K4: =J4/1000 -> 28.6 | L4: =K4/SUM($K$2:$K$8) -> 0.083762887
A5: A004 | B5: =_xlfn.XLOOKUP(A5,Activity_Data!$A$2:$A$8,Activity_Data!$B$2:$B$8) -> Grid electricity | C5: =_xlfn.XLOOKUP(A5,Activity_Data!$A$2:$A$8,Activity_Data!$C$2:$C$8) -> 2 | D5: =_xlfn.XLOOKUP(A5,Activity_Data!$A$2:$A$8,Activity_Data!$D$2:$D$8) -> — | E5: =_xlfn.XLOOKUP(A5,Activity_Data!$A$2:$A$8,Activity_Data!$E$2:$E$8) -> 240000 | F5: =_xlfn.XLOOKUP(A5,Activity_Data!$A$2:$A$8,Activity_Data!$F$2:$F$8) -> kWh | G5: =_xlfn.XLOOKUP(A5,Activity_Data!$A$2:$A$8,Activity_Data!$G$2:$G$8) -> EF003 | H5: =_xlfn.XLOOKUP(G5,Emission_Factors!$A$2:$A$8,Emission_Factors!$C$2:$C$8) -> 0.716 | I5: =_xlfn.XLOOKUP(G5,Emission_Factors!$A$2:$A$8,Emission_Factors!$D$2:$D$8) -> kg CO₂/kWh | J5: =E5*H5 -> 171840 | K5: =J5/1000 -> 171.84 | L5: =K5/SUM($K$2:$K$8) -> 0.50328022
A6: A005 | B6: =_xlfn.XLOOKUP(A6,Activity_Data!$A$2:$A$8,Activity_Data!$B$2:$B$8) -> Employee commuting | C6: =_xlfn.XLOOKUP(A6,Activity_Data!$A$2:$A$8,Activity_Data!$C$2:$C$8) -> 3 | D6: =_xlfn.XLOOKUP(A6,Activity_Data!$A$2:$A$8,Activity_Data!$D$2:$D$8) -> Category 7 | E6: =_xlfn.XLOOKUP(A6,Activity_Data!$A$2:$A$8,Activity_Data!$E$2:$E$8) -> 80000 | F6: =_xlfn.XLOOKUP(A6,Activity_Data!$A$2:$A$8,Activity_Data!$F$2:$F$8) -> km | G6: =_xlfn.XLOOKUP(A6,Activity_Data!$A$2:$A$8,Activity_Data!$G$2:$G$8) -> EF005 | H6: =_xlfn.XLOOKUP(G6,Emission_Factors!$A$2:$A$8,Emission_Factors!$C$2:$C$8) -> 0.18 | I6: =_xlfn.XLOOKUP(G6,Emission_Factors!$A$2:$A$8,Emission_Factors!$D$2:$D$8) -> kg CO₂e/km | J6: =E6*H6 -> 14400 | K6: =J6/1000 -> 14.4 | L6: =K6/SUM($K$2:$K$8) -> 0.042174321
A7: A006 | B7: =_xlfn.XLOOKUP(A7,Activity_Data!$A$2:$A$8,Activity_Data!$B$2:$B$8) -> Purchased raw materials | C7: =_xlfn.XLOOKUP(A7,Activity_Data!$A$2:$A$8,Activity_Data!$C$2:$C$8) -> 3 | D7: =_xlfn.XLOOKUP(A7,Activity_Data!$A$2:$A$8,Activity_Data!$D$2:$D$8) -> Category 1 | E7: =_xlfn.XLOOKUP(A7,Activity_Data!$A$2:$A$8,Activity_Data!$E$2:$E$8) -> 120000 | F7: =_xlfn.XLOOKUP(A7,Activity_Data!$A$2:$A$8,Activity_Data!$F$2:$F$8) -> kg | G7: =_xlfn.XLOOKUP(A7,Activity_Data!$A$2:$A$8,Activity_Data!$G$2:$G$8) -> EF006 | H7: =_xlfn.XLOOKUP(G7,Emission_Factors!$A$2:$A$8,Emission_Factors!$C$2:$C$8) -> 0.5 | I7: =_xlfn.XLOOKUP(G7,Emission_Factors!$A$2:$A$8,Emission_Factors!$D$2:$D$8) -> kg CO₂e/kg | J7: =E7*H7 -> 60000 | K7: =J7/1000 -> 60 | L7: =K7/SUM($K$2:$K$8) -> 0.17572634
A8: A007 | B8: =_xlfn.XLOOKUP(A8,Activity_Data!$A$2:$A$8,Activity_Data!$B$2:$B$8) -> Waste treatment | C8: =_xlfn.XLOOKUP(A8,Activity_Data!$A$2:$A$8,Activity_Data!$C$2:$C$8) -> 3 | D8: =_xlfn.XLOOKUP(A8,Activity_Data!$A$2:$A$8,Activity_Data!$D$2:$D$8) -> Category 5 | E8: =_xlfn.XLOOKUP(A8,Activity_Data!$A$2:$A$8,Activity_Data!$E$2:$E$8) -> 15000 | F8: =_xlfn.XLOOKUP(A8,Activity_Data!$A$2:$A$8,Activity_Data!$F$2:$F$8) -> kg | G8: =_xlfn.XLOOKUP(A8,Activity_Data!$A$2:$A$8,Activity_Data!$G$2:$G$8) -> EF007 | H8: =_xlfn.XLOOKUP(G8,Emission_Factors!$A$2:$A$8,Emission_Factors!$C$2:$C$8) -> 0.3 | I8: =_xlfn.XLOOKUP(G8,Emission_Factors!$A$2:$A$8,Emission_Factors!$D$2:$D$8) -> kg CO₂e/kg | J8: =E8*H8 -> 4500 | K8: =J8/1000 -> 4.5 | L8: =K8/SUM($K$2:$K$8) -> 0.013179475

Sheet GHG_Summary
A1: Scope | B1: Emissions (tCO₂e) | C1: % of Total | E1: Activity | F1: Scope | G1: tCO₂e | H1: % of Total | I1: Rank
A2: Scope 1 | B2: =IF(A2="Total",SUM(GHG_Calculations!$K$2:$K$8),SUMIF(GHG_Calculations!$C$2:$C$8,VALUE(RIGHT(A2,1)),GHG_Calculations!$K$2:$K$8)) -> 90.7 | C2: =IF(A2="Total",1,B2/$B$5) -> 0.26563964 | E2: =GHG_Calculations!B5 -> Grid electricity | F2: =GHG_Calculations!C5 -> 2 | G2: =GHG_Calculations!K5 -> 171.84 | H2: =GHG_Calculations!L5 -> 0.50328022 | I2: =_xlfn.RANK.EQ(G2,$G$2:$G$8,0) -> 1
A3: Scope 2 | B3: =IF(A3="Total",SUM(GHG_Calculations!$K$2:$K$8),SUMIF(GHG_Calculations!$C$2:$C$8,VALUE(RIGHT(A3,1)),GHG_Calculations!$K$2:$K$8)) -> 171.84 | C3: =IF(A3="Total",1,B3/$B$5) -> 0.50328022 | E3: =GHG_Calculations!B7 -> Purchased raw materials | F3: =GHG_Calculations!C7 -> 3 | G3: =GHG_Calculations!K7 -> 60 | H3: =GHG_Calculations!L7 -> 0.17572634 | I3: =_xlfn.RANK.EQ(G3,$G$2:$G$8,0) -> 2
A4: Scope 3 | B4: =IF(A4="Total",SUM(GHG_Calculations!$K$2:$K$8),SUMIF(GHG_Calculations!$C$2:$C$8,VALUE(RIGHT(A4,1)),GHG_Calculations!$K$2:$K$8)) -> 78.9 | C4: =IF(A4="Total",1,B4/$B$5) -> 0.23108013 | E4: =GHG_Calculations!B2 -> Diesel | F4: =GHG_Calculations!C2 -> 1 | G4: =GHG_Calculations!K2 -> 48.24 | H4: =GHG_Calculations!L2 -> 0.14128397 | I4: =_xlfn.RANK.EQ(G4,$G$2:$G$8,0) -> 3
A5: Total | B5: =IF(A5="Total",SUM(GHG_Calculations!$K$2:$K$8),SUMIF(GHG_Calculations!$C$2:$C$8,VALUE(RIGHT(A5,1)),GHG_Calculations!$K$2:$K$8)) -> 341.44 | C5: =IF(A5="Total",1,B5/$B$5) -> 1 | E5: =GHG_Calculations!B4 -> Refrigerant leakage | F5: =GHG_Calculations!C4 -> 1 | G5: =GHG_Calculations!K4 -> 28.6 | H5: =GHG_Calculations!L4 -> 0.083762887 | I5: =_xlfn.RANK.EQ(G5,$G$2:$G$8,0) -> 4
E6: =GHG_Calculations!B6 -> Employee commuting | F6: =GHG_Calculations!C6 -> 3 | G6: =GHG_Calculations!K6 -> 14.4 | H6: =GHG_Calculations!L6 -> 0.042174321 | I6: =_xlfn.RANK.EQ(G6,$G$2:$G$8,0) -> 5
E7: =GHG_Calculations!B3 -> Petrol | F7: =GHG_Calculations!C3 -> 1 | G7: =GHG_Calculations!K3 -> 13.86 | H7: =GHG_Calculations!L3 -> 0.040592784 | I7: =_xlfn.RANK.EQ(G7,$G$2:$G$8,0) -> 6
E8: =GHG_Calculations!B8 -> Waste treatment | F8: =GHG_Calculations!C8 -> 3 | G8: =GHG_Calculations!K8 -> 4.5 | H8: =GHG_Calculations!L8 -> 0.013179475 | I8: =_xlfn.RANK.EQ(G8,$G$2:$G$8,0) -> 7

Sheet Dashboard
A1: GIGS Manufacturing Pvt. Ltd. — GHG Inventory Dashboard FY 2025-26
A5: KPI | B5: tCO₂e
A6: Total GHG Emissions | B6: =GHG_Summary!B5 -> 341.44
A7: Scope 1 | B7: =GHG_Summary!B2 -> 90.7
A8: Scope 2 | B8: =GHG_Summary!B3 -> 171.84
A9: Scope 3 | B9: =GHG_Summary!B4 -> 78.9

Sheet Methodology
C2: Methodology / Project Info sheet
